millis,stamp,datetime,motion
1000, 1564700241, 2019/8/1 22:57:21, Active
1999, 1564700242, 2019/8/1 22:57:22, Active
2999, 1564700243, 2019/8/1 22:57:23, Active
3998, 1564700244, 2019/8/1 22:57:24, Active
4999, 1564700245, 2019/8/1 22:57:25, Active
5999, 1564700246, 2019/8/1 22:57:26, Active
6999, 1564700247, 2019/8/1 22:57:27, Active
7999, 1564700248, 2019/8/1 22:57:28, Active
8999, 1564700249, 2019/8/1 22:57:29, Active
9999, 1564700250, 2019/8/1 22:57:30, Active
10998, 1564700251, 2019/8/1 22:57:31, Active
11998, 1564700252, 2019/8/1 22:57:32, Active
12999, 1564700253, 2019/8/1 22:57:33, Active
13999, 1564700254, 2019/8/1 22:57:34, Active
14999, 1564700255, 2019/8/1 22:57:35, Active
16000, 1564700256, 2019/8/1 22:57:36, Active
16999, 1564700257, 2019/8/1 22:57:37, Active
17999, 1564700258, 2019/8/1 22:57:38, Active
18999, 1564700259, 2019/8/1 22:57:39, Active
19999, 1564700260, 2019/8/1 22:57:40, Active
20999, 1564700261, 2019/8/1 22:57:41, Active
21999, 1564700262, 2019/8/1 22:57:42, Active
22999, 1564700263, 2019/8/1 22:57:43, Active
23999, 1564700264, 2019/8/1 22:57:44, Active
24999, 1564700265, 2019/8/1 22:57:45, Active
25999, 1564700266, 2019/8/1 22:57:46, Active
26999, 1564700267, 2019/8/1 22:57:47, Active
27999, 1564700268, 2019/8/1 22:57:48, Active
28999, 1564700269, 2019/8/1 22:57:49, Active
29999, 1564700270, 2019/8/1 22:57:50, Active
30999, 1564700271, 2019/8/1 22:57:51, Active
32000, 1564700272, 2019/8/1 22:57:52, Active
32999, 1564700273, 2019/8/1 22:57:53, Active
33999, 1564700274, 2019/8/1 22:57:54, Active
34999, 1564700275, 2019/8/1 22:57:55, Active
35999, 1564700276, 2019/8/1 22:57:56, Active
36999, 1564700277, 2019/8/1 22:57:57, Active
37999, 1564700278, 2019/8/1 22:57:58, Active
38999, 1564700279, 2019/8/1 22:57:59, Active
39999, 1564700280, 2019/8/1 22:58:0, Active
40999, 1564700281, 2019/8/1 22:58:1, Active
41999, 1564700282, 2019/8/1 22:58:2, Active
42999, 1564700283, 2019/8/1 22:58:3, Active
43999, 1564700284, 2019/8/1 22:58:4, Active
44999, 1564700285, 2019/8/1 22:58:5, Active
45999, 1564700286, 2019/8/1 22:58:6, Active
46998, 1564700287, 2019/8/1 22:58:7, Active
48000, 1564700288, 2019/8/1 22:58:8, Active
48999, 1564700289, 2019/8/1 22:58:9, Active
49999, 1564700290, 2019/8/1 22:58:10, Active
50999, 1564700291, 2019/8/1 22:58:11, Inactive
51999, 1564700292, 2019/8/1 22:58:12, Inactive
52999, 1564700293, 2019/8/1 22:58:13, Inactive
53999, 1564700294, 2019/8/1 22:58:14, Inactive
55000, 1564700295, 2019/8/1 22:58:15, Inactive
55999, 1564700296, 2019/8/1 22:58:16, Inactive
56999, 1564700297, 2019/8/1 22:58:17, Inactive
57998, 1564700298, 2019/8/1 22:58:18, Active
58999, 1564700299, 2019/8/1 22:58:19, Active
59999, 1564700300, 2019/8/1 22:58:20, Active
60999, 1564700301, 2019/8/1 22:58:21, Active
62000, 1564700302, 2019/8/1 22:58:22, Active
62999, 1564700303, 2019/8/1 22:58:23, Active
64000, 1564700304, 2019/8/1 22:58:24, Active
64999, 1564700305, 2019/8/1 22:58:25, Active
65999, 1564700306, 2019/8/1 22:58:26, Inactive
66999, 1564700307, 2019/8/1 22:58:27, Inactive
67999, 1564700308, 2019/8/1 22:58:28, Inactive
69000, 1564700309, 2019/8/1 22:58:29, Inactive
69999, 1564700310, 2019/8/1 22:58:30, Inactive
70999, 1564700311, 2019/8/1 22:58:31, Inactive
71999, 1564700312, 2019/8/1 22:58:32, Inactive
72999, 1564700313, 2019/8/1 22:58:33, Inactive
73999, 1564700314, 2019/8/1 22:58:34, Inactive
74999, 1564700315, 2019/8/1 22:58:35, Inactive
75998, 1564700316, 2019/8/1 22:58:36, Inactive
76999, 1564700317, 2019/8/1 22:58:37, Inactive
77999, 1564700318, 2019/8/1 22:58:38, Inactive
78999, 1564700319, 2019/8/1 22:58:39, Inactive
80000, 1564700320, 2019/8/1 22:58:40, Active
80999, 1564700321, 2019/8/1 22:58:41, Active
81999, 1564700322, 2019/8/1 22:58:42, Active
82999, 1564700323, 2019/8/1 22:58:43, Active
83999, 1564700324, 2019/8/1 22:58:44, Active
84999, 1564700325, 2019/8/1 22:58:45, Active
85999, 1564700326, 2019/8/1 22:58:46, Active
87000, 1564700327, 2019/8/1 22:58:47, Active
87999, 1564700328, 2019/8/1 22:58:48, Active
88999, 1564700329, 2019/8/1 22:58:49, Inactive
89999, 1564700330, 2019/8/1 22:58:50, Inactive
90998, 1564700331, 2019/8/1 22:58:51, Inactive
91999, 1564700332, 2019/8/1 22:58:52, Inactive
92999, 1564700333, 2019/8/1 22:58:53, Inactive
94000, 1564700334, 2019/8/1 22:58:54, Inactive
94999, 1564700335, 2019/8/1 22:58:55, Inactive
96000, 1564700336, 2019/8/1 22:58:56, Active
96999, 1564700337, 2019/8/1 22:58:57, Active
97999, 1564700338, 2019/8/1 22:58:58, Active
98999, 1564700339, 2019/8/1 22:58:59, Active
99999, 1564700340, 2019/8/1 22:59:0, Active
101000, 1564700341, 2019/8/1 22:59:1, Active
101999, 1564700342, 2019/8/1 22:59:2, Active
102999, 1564700343, 2019/8/1 22:59:3, Active
103999, 1564700344, 2019/8/1 22:59:4, Inactive
104999, 1564700345, 2019/8/1 22:59:5, Inactive
105999, 1564700346, 2019/8/1 22:59:6, Active
106999, 1564700347, 2019/8/1 22:59:7, Active
107999, 1564700348, 2019/8/1 22:59:8, Active
108999, 1564700349, 2019/8/1 22:59:9, Active
110000, 1564700350, 2019/8/1 22:59:10, Active
110999, 1564700351, 2019/8/1 22:59:11, Active
112000, 1564700352, 2019/8/1 22:59:12, Active
112999, 1564700353, 2019/8/1 22:59:13, Active
113999, 1564700354, 2019/8/1 22:59:14, Active
114999, 1564700355, 2019/8/1 22:59:15, Active
115999, 1564700356, 2019/8/1 22:59:16, Active
116999, 1564700357, 2019/8/1 22:59:17, Active
117999, 1564700358, 2019/8/1 22:59:18, Active
118999, 1564700359, 2019/8/1 22:59:19, Active
119999, 1564700360, 2019/8/1 22:59:20, Active
120999, 1564700361, 2019/8/1 22:59:21, Active
121999, 1564700362, 2019/8/1 22:59:22, Active
122999, 1564700363, 2019/8/1 22:59:23, Active
123999, 1564700364, 2019/8/1 22:59:24, Active
124999, 1564700365, 2019/8/1 22:59:25, Active
125999, 1564700366, 2019/8/1 22:59:26, Active
126999, 1564700367, 2019/8/1 22:59:27, Active
128000, 1564700368, 2019/8/1 22:59:28, Active
128999, 1564700369, 2019/8/1 22:59:29, Active
129999, 1564700370, 2019/8/1 22:59:30, Active
130999, 1564700371, 2019/8/1 22:59:31, Active
131999, 1564700372, 2019/8/1 22:59:32, Active
132999, 1564700373, 2019/8/1 22:59:33, Active
133999, 1564700374, 2019/8/1 22:59:34, Active
135000, 1564700375, 2019/8/1 22:59:35, Inactive
135999, 1564700376, 2019/8/1 22:59:36, Inactive
136999, 1564700377, 2019/8/1 22:59:37, Inactive
137999, 1564700378, 2019/8/1 22:59:38, Inactive
138999, 1564700379, 2019/8/1 22:59:39, Inactive
139999, 1564700380, 2019/8/1 22:59:40, Inactive
140999, 1564700381, 2019/8/1 22:59:41, Inactive
142000, 1564700382, 2019/8/1 22:59:42, Inactive
142999, 1564700383, 2019/8/1 22:59:43, Inactive
143998, 1564700384, 2019/8/1 22:59:44, Inactive
144999, 1564700385, 2019/8/1 22:59:45, Inactive
145999, 1564700386, 2019/8/1 22:59:46, Inactive
146999, 1564700387, 2019/8/1 22:59:47, Inactive
147999, 1564700388, 2019/8/1 22:59:48, Inactive
148999, 1564700389, 2019/8/1 22:59:49, Inactive
149999, 1564700390, 2019/8/1 22:59:50, Inactive
150999, 1564700391, 2019/8/1 22:59:51, Inactive
151999, 1564700392, 2019/8/1 22:59:52, Inactive
152999, 1564700393, 2019/8/1 22:59:53, Inactive
153999, 1564700394, 2019/8/1 22:59:54, Inactive
154999, 1564700395, 2019/8/1 22:59:55, Inactive
155999, 1564700396, 2019/8/1 22:59:56, Inactive
156999, 1564700397, 2019/8/1 22:59:57, Active
157999, 1564700398, 2019/8/1 22:59:58, Active
158999, 1564700399, 2019/8/1 22:59:59, Active
160000, 1564700400, 2019/8/1 23:0:0, Active
160999, 1564700401, 2019/8/1 23:0:1, Active
161999, 1564700402, 2019/8/1 23:0:2, Active
162999, 1564700403, 2019/8/1 23:0:3, Active
163999, 1564700404, 2019/8/1 23:0:4, Inactive
164999, 1564700405, 2019/8/1 23:0:5, Inactive
165999, 1564700406, 2019/8/1 23:0:6, Inactive
166999, 1564700407, 2019/8/1 23:0:7, Inactive
167999, 1564700408, 2019/8/1 23:0:8, Inactive
168999, 1564700409, 2019/8/1 23:0:9, Active
169999, 1564700410, 2019/8/1 23:0:10, Active
170999, 1564700411, 2019/8/1 23:0:11, Active
171999, 1564700412, 2019/8/1 23:0:12, Active
172999, 1564700413, 2019/8/1 23:0:13, Active
173999, 1564700414, 2019/8/1 23:0:14, Active
174999, 1564700415, 2019/8/1 23:0:15, Active
175998, 1564700416, 2019/8/1 23:0:16, Inactive
176999, 1564700417, 2019/8/1 23:0:17, Inactive
177999, 1564700418, 2019/8/1 23:0:18, Inactive
178999, 1564700419, 2019/8/1 23:0:19, Inactive
179999, 1564700420, 2019/8/1 23:0:20, Inactive
180999, 1564700421, 2019/8/1 23:0:21, Inactive
181999, 1564700422, 2019/8/1 23:0:22, Inactive
182999, 1564700423, 2019/8/1 23:0:23, Inactive
183999, 1564700424, 2019/8/1 23:0:24, Inactive
184999, 1564700425, 2019/8/1 23:0:25, Inactive
185999, 1564700426, 2019/8/1 23:0:26, Inactive
186999, 1564700427, 2019/8/1 23:0:27, Active
187999, 1564700428, 2019/8/1 23:0:28, Active
188999, 1564700429, 2019/8/1 23:0:29, Active
189999, 1564700430, 2019/8/1 23:0:30, Active
190999, 1564700431, 2019/8/1 23:0:31, Active
192000, 1564700432, 2019/8/1 23:0:32, Active
192999, 1564700433, 2019/8/1 23:0:33, Active
193999, 1564700434, 2019/8/1 23:0:34, Inactive
194999, 1564700435, 2019/8/1 23:0:35, Inactive
195999, 1564700436, 2019/8/1 23:0:36, Inactive
196999, 1564700437, 2019/8/1 23:0:37, Inactive
197999, 1564700438, 2019/8/1 23:0:38, Inactive
198999, 1564700439, 2019/8/1 23:0:39, Inactive
199999, 1564700440, 2019/8/1 23:0:40, Inactive
200999, 1564700441, 2019/8/1 23:0:41, Inactive
201999, 1564700442, 2019/8/1 23:0:42, Inactive
202999, 1564700443, 2019/8/1 23:0:43, Inactive
203999, 1564700444, 2019/8/1 23:0:44, Inactive
204999, 1564700445, 2019/8/1 23:0:45, Inactive
205999, 1564700446, 2019/8/1 23:0:46, Inactive
206999, 1564700447, 2019/8/1 23:0:47, Inactive
207998, 1564700448, 2019/8/1 23:0:48, Inactive
208999, 1564700449, 2019/8/1 23:0:49, Inactive
209999, 1564700450, 2019/8/1 23:0:50, Inactive
210999, 1564700451, 2019/8/1 23:0:51, Inactive
211999, 1564700452, 2019/8/1 23:0:52, Inactive
212999, 1564700453, 2019/8/1 23:0:53, Active
